Zn(OH)2,zinc hydroxide
ICl3,iodine(iii) chloride
CuS,copper monosulfide
H2SeO3,selenous acid
C3H8O2,"1,3-propanediol"
CrI3,chromium(iii) iodide
Li2N2O2,lithium hyponitrite
BaSe,barium selenide
RbH2PO4,monorubidium phosphate
GaAsO4,gallium(iii) orthoarsenate
Ag3Br3,silver tribromide
RbHS,rubidium hydrosulfide
CuFeS2,chalcopyrite
C9H9NO3,hippuric acid
ZnS2O3,zinc thiosulfate
NH4OCONH2,ammonium carbamate
Hg(C7H5O2)2,mercury(ii) benzoate monohydrate
CdSeO3,cadmium selenite
LiBH4,lithium borohydride
AlCl4K,potassium tetrachloroaluminate
TlCl,thallium(i) chloride
ZnSb,zinc antimonide
Na3C6H5O7,trisodium citrate
InP,indium(iii) phosphide
C10H8,azulene
C3H8,propane
UC2,uranium carbide
NaHSO3,sodium bisulfite
C12H16N2,"n,n-dimethyltryptamine"
SnCl2,tin(ii) chloride
AgNO3,silver nitrate
CuCl,copper(i) chloride
As4S3,tetraarsenic trisulfide
HgWO4,mercury(ii) tungstate
C10H12O,anethole
CaSO4,plaster of paris
CH3CH2COOH,propionic acid
C8H5NO2,isatin
C7H10N2,4-dimethylaminopyridine
C18H24O2,estradiol
Nd(OH)3,neodymium hydroxide
K2S2O3,potassium thiosulfate
Y2S3,yttrium sulfide
Ga(ClO4)3,gallium(iii) perchlorate
F3OTa,tantalum monoxide trifluoride
FHo,holmium monofluoride
C6H10O4,adipic acid
CsClO,caesium hypochlorite
(NH4)H2AsO4,ammonium dihydrogen arsenate
C4H6O2,diepoxybutane
Sn(VO3)2,tin(ii) metavanadate
Ca(C2H3O2)2,calcium acetate
BiF3,bismuth(iii) fluoride
Zn2P2O7,zinc pyrophosphate
C12H13NO2,indole-3-butyric acid
KBrO2,potassium bromite
Hg(C2H3O2)2,mercury(ii) acetate
AsH3,arsine
Mg3(Si2O5)(OH)4,chrysotile
AuCl3,gold trichloride
HgTe,mercury(ii) telluride
BaI2,barium iodide
Na2S2O8,sodium persulfate
UCl3,uranium trichloride
Au2S,gold sulfide
Sn(CrO4)2,tin(iv) chromate
Sn(OH)2,tin(ii) hydroxide
TlSCN,thallium thiocyanate
F3La,lanthanum trifluoride
AlLiO2,lithium aluminate
UTe2,uranium ditelluride
C6H5OH,phenol
C4H8O,tetrahydrofuran
CdSb,cadmium antimonide
TaBr3,tantalum(iii) bromide
EuNb2O6,europium diniobium hexaoxide
(CH3)2NNH2,dimethyl hydrazine
Hg2Br2,mercury(i) bromide
F3Mn,manganese trifluoride
MnAs,manganese(iii) arsenide
CoMoO4,cobalt(ii) molybdate
EuO2V,monoeuropium monovandium dioxide
HC6H7O6,ascorbic acid
Al2Se,dialuminium selenide
C7H6O,tropone
K3C6H5O7,potassium citrate
ZnF2,zinc fluoride
Sr(IO2)2,strontium iodite
NiFe2O4,nickel(ii) iron(iii) oxide
F3NO2S,difluoroaminosulfonyl fluoride
C18H36O2,stearic acid
Cs2O2,caesium peroxide
Ca5(PO4)3(OH),hydroxyapatite
C10H12N2,tryptamine
Ag2CO3,silver(i) carbonate
F2IP,difluoroiodophosphine
C15H10O4,daidzein
BaBr2,barium bromide
Th(SO4)2,thorium(iv) sulfate
Pb(OH)4,lead(iv) hydroxide
Zn(TaO3)2,zinc metatantalate
C77H120N18O26S,alpha-endorphin
DyCl3,dysprosium(iii) chloride
C4H6O2,methyl acrylate
Ba(PO3)2,barium metaphosphate
HIO2,iodous acid
CoAs,cobalt arsenide
Al2O5Si,andalusite
CaBr2,calcium bromide
DBr,deuterium bromide 
Na2S2O5,sodium disulfite
MoBr2,molybdenum(ii) bromide
F2S2W,tungsten difluoride disulfide
Au(OH)3,gold hydroxide
Au2O3,gold trioxide
NaBrO3,sodium bromate
CuFe2O4,copper(ii) iron(ii) oxide
FNd,neodymium monofluoride
C4H10O3,diethylene glycol
NaClO4,sodium perchlorate
Fe3P,iron(tri) phosphide
F3Th,thorium trifluoride
F2SW,tungsten difluoride monosulfide
Fe(OH)2,iron(ii) hydroxide
C161H236N42O48,leumorphin
F2Kr,krypton difluoride
NiSb,nickel antimonide
C21H30O2,progesterone
NaCl,sodium chloride
Al2O2,dialuminium dioxide
Al2I6,aluminium iodide
F3W,tungsten trifluoride
F4OS,sulfur tetrafluoride oxide
NaH2PO3,monosodium phosphite
CrF2,chromium(ii) fluoride
MnCl2,manganese(ii) chloride
Cu(NO3)2,copper(ii) nitrate trihydrate
Bi2Se3,bismuth(iii) selenide (page does not exist)
FMg,magnesium monofluoride
KCN,potassium cyanide
ArFH,argon fluoride hydride
ErF2,erbium difluoride
C11H14O2,methyl eugenol
HgTeO3,mercury(ii) tellurite
F2Xe,xenon difluoride
ZrP2,zirconium phosphide
C14H18N2O5,aspartame
PoO,polonium monoxide
CuSO4,copper(ii) sulfate pentahydrate
C5H10O2,pivalic acid
B2S3,boron sulfide
KBrO3,potassium bromate
TeO2,tellurium(iv) oxide
CoSb,cobalt antimonide
SbBr3,antimony(iii) bromide
MgC2O4,magnesium oxalate
W(CO)6,tungsten(vi) carbonyl
C5H6O,cyclopentenone
V2O3,vanadium(iii) oxide
MgCrO4·5H2O,magnesium chromate pentahydrate
C4H4FN3O,flucytosine
FRb,rubidium fluoride
Pb(OH)2,lead(ii) hydroxide
H2O,water
SbCl3,antimony(iii) chloride
C2H4N4,"3-amino-1,2,4-triazole"
Rb2HPO4,dirubidium phosphate
CeI2,cerium(ii) iodide
FePO4,iron(iii) phosphate
C5H12,pentane
UO2(HCOO)2,uranyl formate
F5W,tungsten pentafluoride
ClF3,chlorine trifluoride
Al4C3,aluminium carbide
NaOH,sodium hydroxide
Be(NO3)2,beryllium nitrate
Mg(ClO3)2,magnesium chlorate
TeCl4,tellurium(iv) chloride
C6H7RbO6,rubidium ascorbate
Mg3P2,magnesium phosphide
C4H3FN2O2,fluorouracil
VBr2,vanadium(ii) bromide
Cl2O8,chlorine octaoxide
FeBr2,iron(ii) bromide
WCl3,tungsten(iii) chloride
C6H12O3,4-hydroxy-4-methylpentanoic acid
Li2HAsO4,dilithium hydrogen arsenate
Ag2SO4,silver sulfate
C5H5N,pyridine
Ni3Sb2,nickel(ii) antimonide
F2N,difluoroamino radical
F3S,sulfur trifluoride
C3H4N2,imidazole
HCNO,fulminic acid
C9H17NO2,gabapentin
C2H5OCs,caesium ethoxide
As2Se,arsenic hemiselenide
C4H4N2O2,uracil
NO2Cl,nitryl chloride
C5H4N2O4,orotic acid
Ag2S,silver sulfide
CoF3,cobalt(iii) fluoride
FeF2,iron(ii) fluoride tetrahydrate
Cs2HPO4,dicaesium phosphate
C4H4N4,"1,3,5,7-tetrazocine "
C10H11N3O3S,sulfamethoxazole
C4H10O2,1-methoxy-2-propanol
TeI4,tellurium(iv) iodide
FZr,zirconium fluoride
F2OSi,difluorooxosilane
HNO2,nitrous acid
HN3,hydrazoic acid
Nb2O3,niobium(iii) oxide
F3Ga,gallium trifluoride
H3PO3,phosphorous acid
CH3NO,oxaziridine
Al2(CO3)3,aluminium carbonate
C16H34,hexadecane
(NH4)3N,ammonium nitride
As3P,arsenic(iii) phosphide
Hg(CNO)2,mercury(ii) fulminate
FeO8H4P2,iron(ii) dihydrogen phosphate
RbBrO4,rubidium perbromate
NH2OH,hydroxylamine
C6F5COOH,pentafluorobenzoic acid
CdSO4,cadmium sulfate
Li2MoO4,lithium orthomolybdate
CH3OLi,lithium methoxide
CsC2H3O2,caesium acetate
Bi(VO3)5,bismuth(iii) metavanadate
HNO3,nitric acid
WBr6,tungsten(vi) bromide
NH2C6H4SO3H,sulfanilic acid
Cl2O3,chlorine trioxide
PbO2,lead dioxide
VOC2O4,vanadyl oxalate
UO2(NO3)2,uranyl nitrate
Ga2S3,gallium(iii) sulfide
CuSO4,copper(ii) sulfate
Ba2P2O7,barium pyrophosphate
Al2O5Si,aluminium silicate
MoCl3,molybdenum(iii) chloride
C10H13N5O4,adenosine
C12H26,dodecane
HgCl2,mercury(ii) chloride
WOF4,tungsten(vi) oxytetrafluoride
PbF2,lead(ii) fluoride
SeO2,selenium(iv) oxide
(CH3)3COOC(CH3)3,di-t-butyl peroxide
BaNb2O6,barium metaniobate
KAl(SO4)2,potassium alum
Sc2O3,scandium oxide
Na2S,sodium monosulfide
F3Pu,plutonium trifluoride
CoSeO3,cobalt(ii) selenite
Be(CHO2)2,beryllium formate
BaSiO3,barium metasilicate
InAs,indium(iii) arsenide
OF2,oxygen difluoride
PCl5,phosphorus pentachloride
Dy2O3,dysprosium(iii) oxide
H2C(CH)CN,acrylonitrile
NaNO2,sodium nitrite
(C6H5)2O,diphenyl ether
FY,yttrium monofluoride
InPO4,indium(iii) orthophosphate
SbI3,antimony(iii) iodide
Ni(CO)4,nickel tetracarbonyl
KCNO,potassium fulminate
LiIO2,lithium iodite
ZrSi2,zirconium silicide
C4H6O2,"1,4-butynediol"
Na4V2O7,sodium pyrovanadate
AgO, silver monoxide
LiClO,lithium hypochlorite
LiNbO3,lithium niobate
F15Mo3,molybdenum fluoride
C5H10,cyclopentane
PoO2,polonium dioxide
Al6BeO10,beryllium aluminium oxide
FNO,nitrosyl fluoride
C5H7N3,"3,4-diaminopyridine"
Co2B,cobalt boride
ZnSO3,zinc sulfite
NH2CH2CN,aminoacetonitrile
C3H6O2S,2-mercaptopropionic acid
F3Tl,thallium trifluoride
GaAs,gallium(iii) arsenide
NaAu(CN)2,sodium dicyanoaurate(i)
P2Se3,diphosphorus triselenide
C5H10O2,3-methylbutanoic acid
CH3COCH3,acetone
F6Te,tellurium hexafluoride
CH3CHCH2,propene
C6H14O2,"1,6-hexanediol"
Ba(CHO2)2,barium formate
C10H8O3,hymecromone
WOBr4,tungsten(vi) oxytetrabromide
CaTeO3,calcium tellurite
[Cu(H2O)4]SO4,blue vitriol
F2Se,selenium difluoride
Tl2WO4,thallium(i) orthotungstate
C6H14O3,trimethylolpropane
(NH4)3PO4,ammonium phosphate
AgCl,silver chloride
VCl2,vanadium(ii) chloride
CsIO,caesium hypoiodite
Cu(ClO3)2,copper(ii) chlorate hexahydrate
BiPO4,bismuth(iii) orthophosphate
C16H28N2O6Zn,zinc acexamate
Na2O2,sodium peroxide
FS,monosulfur monofluoride
C8H11NO,tyramine
ZrI4,zirconium iodide
C7H5FO2,3-fluorobenzoic acid
NH2CONH2,urea
C4H6N2,fomepizole
ZnSnO3,zinc stannate
Na3VO4,sodium orthovanadate
Cu2CO3(OH)2,malachite
C4H2,diacetylene
F4Sn2,ditin tetrafluoride
ZrO2,zirconium dioxide
FeO4S,ferrous sulfate
C10H7NO2,quinaldic acid
YBr3,yttrium bromide
H4XeO6,perxenic acid
NOCl,nitrosyl chloride
C8H5F3N2OS,riluzole
CCl2F2,haloalkane
HCOOH,formic acid
CaCN2,calcium cyanamide
Ce2O3,cerium(iii) oxide
HOOCCOOH,oxalic acid
KClO,potassium hypochlorite
CeO2,cerium(iv) oxide
FNS,thiazyl fluoride
C10H16,limonene
AlTe,aluminium monotelluride
F2Pt,platinum difluoride
K2SO3,potassium sulfite
C7H8ClN3O4S2,hydrochlorothiazide
NaNH2C6H4SO3,sodium sulfanilate
GaN,gallium(iii) nitride
Tl2SeO3,thallium(i) selenite
Cu(NbO3)2,copper(ii) orthoniobate
FeCO3,siderite
Ba(NO2)2,barium nitrite
Cr2Se3,chromium(iii) selenide
HgI2,mercury(ii) iodide
C8H18,octane
FLiO,lithium hypofluorite
CuTe,copper(ii) telluride
F5Mo,molybdenum pentafluoride
Li3PO4,trilithium phosphate
NaBrO4,sodium perbromate
CuMoO4,copper(ii) orthomolybdate
InCl2,indium(ii) chloride
K2N2O2,potassium hyponitrite
TiI4,titanium(iv) iodide
TiCl3I,titanium(iv) trichloroiodide
C4H6O2,methacrylic acid
NaHCO3,sodium bicarbonate
Ca(IO4)2,calcium periodate
YbCl3·6H2O,ytterbium(iii) chloride hexahydrate
KCNO,potassium cyanate
TlF,thallium(i) fluoride
ZnS,zinc sulfide
SrI2·6H2O,strontium iodide hexahydrate
F3Gd,gadolinium trifluoride
C6H6O3,hydroxymethylfurfural
RbF,rubidium fluoride
C5H5IN2,2-amino-5-iodopyridine
GaTe,gallium(ii) telluride
BaO2,barium peroxide
C3H4O4,malonic acid
C5H4N4O2,xanthine
N2O5,dinitrogen pentaoxide
Na2CO3,sodium carbonate
In(NO3)3·4.5H2O,indium(iii) nitrate tetrahemihydrate
Cs2TeO4,caesium tellurate
C12H14O4,dillapiole
C3H7NO3,serine
Be3N2,beryllium nitride
C5H9NO4,glutamic acid
C8H10N4O2,caffeine
LiCl,lithium chloride
CrBr2,chromium(ii) bromide
CdS,cadmium sulfide
Ag2F,silver subfluoride
NaClO2,sodium chlorite
Li(AlSi2O6),keatite
C3H7N,azetidine
C13H16N2O2,melatonin
CsCNO,caesium fulminate
AlCl4Rb,aluminium rubidium tetrachloride
Cu(BrO3)2,copper(ii) bromate hexahydrate
ZrB2,zirconium boride
C19H40,nonadecane
LiNa,sodium lithium
NaIO4,sodium periodate
As2S4,arsenic tetrasulfide
YB6,yttrium boride
CoTe,cobalt(ii) telluride
H2TeO3,tellurous acid
ZnSeO4,zinc selenate
Al2O,dialuminium monoxide
Be(ClO4)2,beryllium perchlorate
C12H16O3,asarone
ZnSe,zinc selenide
C10H16O,camphor
F2Pu,plutonium difluoride
Cu(NO3)2,copper(ii) nitrate hexahydrate
C7H6O5,gallic acid
C10H20N2O2,boc-4-aminopiperidine
F2Si,difluorosilylene
Pb(N3)2,lead(ii) nitride
NH3,ammonia
AlBr,aluminium monobromide
F2N2O,nitrosodifluoroamine
NaF,sodium fluoride
RbCl,rubidium chloride
CaCO3,calcium carbonate
Al2(SO4)3,aluminium sulphate
F4Si,silicon tetrafluoride
FIn,indium monofluoride
Rb3PO3,trirubidium phosphite
CsH2PO3,monocaesium phosphite
CeS,cerium(ii) sulfide
Ca3(PO4)2,tricalcium phosphate
AgBrO3,silver bromate
SF4,sulfur tetrafluoride
F5S,disulfur decafluoride
Ni(OH)2,nickel(ii) hydroxide
Al2F6,aluminium fluoride
LiIO3,lithium iodate
MoSe2,molybdenum(iv) selenide
Ag2Cr2O7,silver dichromate
AsO,arsenic monoxide
C(CN)4,tetracyanomethane
CO,carbon monoxide
NH4ClO4,ammonium perchlorate
Ga2O3,gallium(iii) oxide
CsClO4,caesium perchlorate
CaTe,calcium telluride
CH3OCH3,dimethyl ether
Mg(BrO4)2,magnesium perbromate
C18H24O3,estriol
FNO2,nitryl fluoride
ClF5,chlorine pentafluoride
F6Se,selenium hexafluoride
Hg2Cl2,mercury(i) chloride
Cd2Nb2O7,cadmium niobate
Hg(IO3)2,mercury(ii) iodate
C18H27NO3,capsaicin
CH2O,formaldehyde
F6NP3,nitridotriphosphorous hexafluoride
Na2SO4,sodium sulfate
Al(OH)3,aluminium hydroxide
Ag3Cl3,silver(iii) trichloride
FO2,dioxygen monofluoride
MoCl5,molybdenum(v) chloride
Mg(IO3)2,magnesium iodate
TeY,yttrium telluride
F10S2,sulfur fluoride
Sr(ClO4)2,strontium perchlorate
H2SO3,sulfurous acid
F2,fluorine
RuCl3,ruthenium(iii) chloride
ZnO,zinc(ii) oxide
Ca(NO3)2,calcium nitrate
F2Y,yttrium difluoride
CH3CH2CH2OH,1-propanol
C34H46O18,eleutheroside d
C5H4N2O2,pyrazinoic acid
KH2PO3,monopotassium phosphite
Rb2CO3,rubidium carbonate
GeI4,germanium(iv) iodide
C4H10O2,"1,2-butanediol"
(CH3CO)2O,acetic anhydride
UBr3,uranium tribromide
Cu(OH)2,copper(ii) hydroxide
CH3HgCH3,dimethylmercury
Cu2Te,copper(i) telluride
Zn3As2,zinc arsenide
Cr2S3,chromium(iii) sulfide
B(NO3)3,boron nitrate
HgBr2,mercury(ii) bromide
Ca(CHO2)2,calcium formate
NiI2,nickel(ii) iodide
NaHSO4,sodium bisulfate
NiOOH,nickel oxo-hydroxide
AlCl4Cs,aluminium caesium tetrachloride
Ag2C2,silver acetylide
F3Si,trifluorosilyl radical
KI,potassium iodide
CH3COOK,potassium acetate
Sr(ClO)2,strontium hypochlorite
C4H7NO2,1-aminocyclopropanecarboxylic acid
SrTiO3,strontium metatitanate
CdCl2,cadmium chloride
F6Re,rhenium hexafluoride
C8H11N5O3,aciclovir
Ag2C2O4,silver oxalate
AlF2,aluminium difluoride
Ca(ClO4)2,calcium perchlorate
F10Mo2,molybdenum fluoride
C17H24O,falcarinol
C6H6,benzene
CsSCN,caesium thiocyanate
Ba(OH)2,barium hydroxide
C16H14O3,ketoprofen
SrC2O4,strontium oxalate
FPu,plutonium monofluoride
H2NNH2,hydrazine
RuF6,ruthenium hexafluoride
Ag2CrO4,silver chromate
BI3,boron iodide
NH2CH2CH2NH2,ethylenediamine
C18H32O2,linoleic acid
BeSO4,beryllium sulfate
SrSeO4,strontium selenate
AlCl3,aluminium trichloride
C5H4N4S,mercaptopurine
C6H6BFO2,4-fluorophenylboronic acid
YbF2,ytterbium(ii) fluoride
LiBr,lithium bromide
KHS,potassium hydrosulfide
F5Ta,tantalum pentafluoride
LiNO3,lithium nitrate
Ba(C2H3O2)2,barium acetate
Ba(IO)2,barium hypoiodite
Mg(IO4)2,magnesium periodate
C2H5OK,potassium ethoxide
AgONC,silver cyanate
Mg(ClO2)2,magnesium chlorite
Ag2SeO4,silver selenate
F2O,oxygen difluoride
CdTe,cadmium telluride
F2Zn,zinc difluoride
P2I4,diphosphorus tetraiodide
CaSe,calcium selenide
C4H8O3,gamma-hydroxybutyric acid
KBrO4,potassium perbromate
BaZrO3,barium zirconate
C2H3Cl,vinyl chloride
NH2COOH,carbamic acid
Cs2WO4,caesium orthotungstate
As2O5,arsenic pentoxide
Yb(ClO4)3,ytterbium(iii) perchlorate
AlOSi,aluminium silicon monoxide
F3NO,nitrogen trifluoride oxide
LiH2PO4,monolithium phosphate
Sb2O5,antimony(v) oxide
Sn3Sb4,tin(iv) antimonide
FeZrO3,iron(ii) metazirconate
HfOCl2,hafnium(iv) oxychloride octahydrate
F3P,phosphorus trifluoride
Fe2O3,iron oxide
AgBF4,silver tetrafluoroborate
YbCl3,ytterbium(iii) chloride
C9H10O,chavicol
C2H5ONa,sodium ethoxide
Mg(IO)2,magnesium hypoiodite
Sr(OH)2,strontium hydroxide
Mg3(VO4)2,magnesium orthovanadate
Zn(CN)2,zinc cyanide
CuTeO3,copper(ii) tellurite
InBrI2,indium(iii) bromodiiodide
C21H36N7O16P3S,coenzyme a
C8H16O6,pinpollitol
F3Tb,terbium trifluoride
MgBr2,magnesium bromide
F6U,uranium hexafluoride
Rb2O,rubidium oxide
FeI2,iron(ii) iodide tetrahydrate
F2Sc,scandium difluoride
SiBr4,silicon(iv) bromide
CH3CdCH3,dimethylcadmium
NaIO,sodium hypoiodite
WOBr3,tungsten(v) oxytribromide
HIO3,iodic acid
F2O2,perfluoroperoxide
Ba(IO3)2,barium iodate
N2O,nitrous oxide
HBrO4,perbromic acid
NiCl2,nickel(ii) chloride
PoBr2,polonium dibromide
Cd3(PO4)2,cadmium phosphate
Al2Br6,dialuminium hexabromide
WCl2,tungsten(ii) chloride
SiH4,silane
Cu9S5,copper sulfide
Ca(VO4)2,calcium orthovanadate
SeCl4,selenium(iv) chloride
C2H7NO2,ammonium acetate
SO2Cl2,sulfuryl chloride
F4OOs,osmium oxide tetrafluoride
In2Te3,indium(iii) telluride
CeC,cerium carbide
V2O5,vanadium pentoxide
LiHS,lithium hydrosulfide
C2H6,ethane
C6H5Br,bromobenzene
BAsO4,boron(iii) arsenate
AgF,silver fluoride
CdSiO3,cadmium metasilicate
EuI2,europium diiodide
Ba3(CrO4)2,barium chromate(v)
C7H11NO5,n-acetylglutamic acid
Be2C,beryllium carbide
NiC2O4,nickel(ii) oxalate dihydrate
CaMoO4,calcium molybdate
H2S2O2,thiosulfurous acid
C4H4,vinylacetylene
Yb2Se3,ytterbium(iii) selenide
ZrN,zirconium nitride
Mn(CHO2)2,manganese(ii) formate
AuF3,gold trifluoride
RbIO2,rubidium iodite
RbHCO3,rubidium bicarbonate
F2Ho,holmium difluoride
F5Sb,antimony pentafluoride
SbPO4,antimony(iii) phosphate
DLi,lithium deuteride
PbSO4,lead(ii) sulfate
LaPO4·0.5H2O,lanthanum(iii) phosphate crystal hemihydrate
C6H14N4O2,arginine
CoB,cobalt(ii) boride
F4S,sulfur tetrafluoride
FGa,gallium monofluoride
MgPo,magnesium polonide
FSr,strontium monofluoride
C17H13ClN4,alprazolam
TlCl3,thallium(iii) chloride
Zr(NO3)4,zirconium(iv) nitrate
Cu(CH3COO),copper(i) acetate
Ca(H2PO2)2,calcium hypophosphite
C10H9NO2,5-methoxyindole-3-carboxaldehyde
RbCN,rubidium cyanide
Li2CrO4,lithium chromate
Cr(NO2)3,chromium(iii) nitrite
Be(BH4)2,beryllium borohydride
FeBr3,iron(iii) bromide hexahydrate
BAs,boron arsenide
F2La,lanthanum difluoride
C10H12O,estragole
Ba2XeO6,barium perxenate
NaSeO3,sodium selenite
F3NaSn,sodium trifluorostannate
CeCl3,cerium(iii) chloride
NbBr5,niobium(v) bromide
U3O8,triuranium octoxide
C11H24,undecane
C3H5N3O9,nitroglycerine
WO2Br2,tungsten(vi) dioxydibromide
RbClO2,rubidium chlorite
Al2O5Si,aluminium silicate
Na3AsO4,sodium arsenate
CdTeO4,cadmium tellurate
Zn(SeCN)2,zinc selenocyanate
F2Sn,tin difluoride
Ag2O,silver(i) oxide
C7H6N2,7-azaindole
NiS,nickel(ii) sulfide
FNa2,disodium monofluoride
Sn(OH)4,tin(iv) hydroxide
TiO(NO3)2,titanium(iv) oxynitrate hydrate
C63H88CoN14O14P,cyanocobalamin
MgSe,magnesium selenide
Ca(HS)2,calcium hydrosulfide
Ca(BrO)2,calcium hypobromite
NH4CO2NH2,ammonium carbamate
HI,hydroiodic acid
SnO2,tin(iv) oxide
Zn(NbO3)2,zinc metaniobate
BaTeO3,barium tellurite
SO2F2,sulfuryl difluoride
Ce2C3,cerium(iii) carbide
LiClO3,lithium chlorate
Sr(ClO2)2,strontium chlorite
Cr(NO3)3,chromium(iii) nitrate
BaTiO3,barium titanate
Sn(CH3COO)4,tin(iv) acetate
ClF,chlorine fluoride
In(OH)3,indium(iii) hydroxide
K2O,potassium oxide
Ag2Se,silver selenide
AlBO3,aluminium borate
InTe,indium(ii) telluride
C3H5N3,3-amino-1h-pyrazole
Ba3(PO4)2,barium orthophosphate
Li2O,lithium oxide
AlI3,aluminium triiodide
FXe,xenon monofluoride
YbCl2,ytterbium(ii)chloride
MnI2,manganese(ii) iodide
Ga(C2H3O2)3,gallium(iii) acetate
USe2,uranium diselenide
Cu3P,copper(i) phosphide
C10H12O2,eugenol
CaSeO4,calcium selenate
C8H7N,indole
LiIO4,lithium periodate
Bi2S3,bismuth(iii) sulfide
AlBr3,aluminium tribromide
K2CrO4,potassium chromate
C20H32O5,prostaglandin e2
C9H8O2,cinnamic acid
FeS,iron sulfide
AsP,arsenic monophosphide
F2Th,thorium difluoride
F2S2,thiothionyl fluoride
F3Sc,scandium fluoride
BeCO3,beryllium carbonate
As2I4,arsenic diiodide
C13H14N2O,harmaline
CH4N2O2,hydroxycarbamide
Co2SO4,cobalt(ii) sulfate
C15H12N2O2,phenytoin
C19H28O2,testosterone
LiBrO2,lithium bromite
C3H8O2,propylene glycol
CaSO3,calcium sulfite
RnF2,radon difluoride
MgCO3,magnesium carbonate
FLi,lithium fluoride
UI3,uranium(iii) iodide
BaSeO4,barium selenate
Ba2V2O7,barium pyrovanadate
Cd(IO3)2,cadmium iodate
Fe2P,diiron phosphide
Ba(AlO2)2,barium aluminate
FMnO3,manganese fluoride trioxide
HIO4,periodic acid
Zn(NO3)2,zinc nitrate
Na2ZrO3,sodium metazirconate
AlF6K3,potassium hexafluoraluminate
AlF4Li,lithium tetrafluoroaluminate
CuBr,copper(i) bromide
BaK2(CrO4)2,barium potassium chromate
ZnCO3,zinc carbonate
KNO2,potassium nitrite
C9H6O3,umbelliferone
NbI5,niobium(v) iodide
H2S2O8,peroxydisulfuric acid
F4OP2,diphosphorus tetrafluoride oxide
C7H9BO2,4-methylphenylboronic acid
RbBr,rubidium bromide
C10H10N2O,edaravone
Cr3C2,chromium(ii) carbide
Sr(MnO4)2,strontium permanganate
FGaO,gallium monofluoride monoxide
KF,potassium fluoride
NaIO2,sodium iodite
C8H9NO2,aminomethylbenzoic acid
HArF,argon fluorohydride
WI2,tungsten(ii) iodide
C12H16O7,arbutin
CdTiO3,cadmium titanate
NI3,nitrogen triiodide
TiO2,titanium dioxide
AuBr,gold bromide
C4H9NO2,γ-aminobutyric acid
ErF3,erbium trifluoride
Pb(NO3)2,lead(ii) nitrate
FeTe,iron(ii) telluride
Na2S2O3,sodium thiosulfate
PbC2O4,lead oxalate
EuNbO2,europium niobium dioxide
Al2S,dialuminium monosulfide
Co(CN)2,cobalt(ii) cyanide
AlF,aluminium monofluoride
C5H6N2O2,thymine
C5H6O5,α-ketoglutaric acid
AuCl,gold chloride
NaCNO,sodium cyanate
C10H12O2,hinokitiol
Ni(H2PO)2,nickel(ii) hypophosphite hexahydrate
Na2N2O2,sodium hyponitrite
C22H23ClN2O2,loratadine
C6H4N4,tricyanoaminopropene
TaCl5,tantalum(v) chloride
HgSeO3,mercury(ii) selenite
C18H24O4,estetrol
F3Ti,titanium trifluoride
CH3CH2CH2CH2OH,butan-1-ol
MgCrO4,magnesium chromate
Mg(OH)2,magnesium hydroxide
Sb2OS2,antimony oxysulfide (page does not exist)
FW,tungsten monofluoride
HgO,mercury(ii) oxide
NaAsO2,sodium metaarsenite
InBr,indium(i) bromide
HClO3,chloric acid
N2O4,dinitrogen tetroxide
C8H6N2O2,indazolium-3-carboxylate
CF3Cl,chlorotrifluoromethane
C6H5I,iodobenzene
Cd(TaO3)2,cadmium metatantalate
F2Hg2,mercury fluoride
(C12H14CaO12)n,calcium alginate
Ca(OH)2,calcium hydroxide
MoS2,molybdenum sulfide
C158H251N39O46S,beta-endorphin
EuSO4,europium(ii) sulfate
NaCa2(Al5Si5O20),thomsonite
RbCNO,rubidium cyanate
CH2CHOH,ethenol
GaBr3,gallium(iii) bromide
(CH3)2CHOH,isopropyl alcohol
IBr3,iodine(iii) bromide
C5H9NO2,proline
C4H7NO4,aspartic acid
CH5N3,guanidine
Cu2S,copper(i) sulfide
TiCl2I2,titanium(iv) dichlorodiiodide
Ba(IO2)2,barium iodite
WBr4,tungsten(iv) bromide
F4Hf,hafnium fluoride
C6H4ClNO2,2-chloronicotinic acid
RbIO,rubidium hypoiodite
CFCl3,freon-11
F4Ti,titanium fluoride
C17H36,heptadecane
Fe(SCN)3,iron(iii) thiocyanate
F4Mg2,dimagnesium tetrafluoride
C14H14Cl2N2O,enilconazole
N2H4,hydrazine
NaTaO3,sodium metatantalate
CaB6,calcium boride
F4Xe,xenon tetrafluoride
SO3,sulfur trioxide
Zn2SiO4,zinc orthosilicate
C6H9N3O3,metronidazole
BaSeO3,barium selenite
K3PO4,tripotassium phosphate
YbSe,ytterbium(ii) selenide
(CH3)2C2O4,dimethyl oxalate
C7H5Br3O,"2,4,6-tribromoanisole"
C62H89CoN13O15P,hydroxocobalamin
CdI2,cadmium iodide
Mg(BrO3)2,magnesium bromate
Fe(OH)3,iron(iii) hydroxide
InCl3·4H2O,indium(iii) chloride tetrahydrate
SrHfO3,strontium hafnate
CsOH,caesium hydroxide
C2H5OH,ethanol
MgSeO4,magnesium selenate
YbSi2,ytterbium(ii) silicide
VN,vanadium nitride
WC,tungsten carbide
F6Os,osmium hexafluoride
Ba(AsO3)2,barium arsenite
ZnCr2O4,zinc chromite
NiBr2,nickel(ii) bromide trihydrate
F4Zr,zirconium tetrafluoride
PoF6,polonium hexafluoride
NaC6H5COO,sodium benzoate
ZnMoO4,zinc orthomolybdate
C7H5N3O2,7-nitroindazole
Mg3As2,magnesium arsenide
F2Mo,molybdenum difluoride
Cs2MoO4,caesium molybdate
NaClO3,sodium chlorate
CsIO2,caesium iodite
NaNbO3,sodium metaniobate
ErO,erbium monoxide
TlI3,thallium(iii) iodide
(NH4)2SO4,ammonium sulfate
GaSb,gallium(iii) antimonide
C7H9BO3,4-boronoanisole
Bi2(MoO4)3,bismuth(iii) molybdate
Ba(SeCN)2,barium selenocyanate
F3Lu,lutetium trifluoride
AuI3,gold(iii) iodide
EuCl3,europium(iii) chloride
C19H16ClNO4,indometacin
H2SeO4,selenic acid
BaO,barium oxide
Ba3N2,barium nitride
WTe2,tungsten(iv) telluride
Co(C2H3O2)2,cobalt(ii) acetate
Ca(ClO)2,calcium hypochlorite
Al2BeO4,beryllium aluminium oxide
CuF2,copper(ii) fluoride
F2P,phosphorus difluoride
TiBr4,titanium(iv) bromide
C6H5COOH,benzoic acid
F2Sr,strontium fluoride
CoO,cobalt(ii) oxide
LiVO3·2H2O,lithium metavanadate dihydrate
H3PO2,hypophosphorous acid
Zr(OH)4,zirconium hydroxide
MgNH4PO4·6H2O,magnesium ammonium phosphate hexahydrate
Mg2P2O7,magnesium pyrophosphate
LiNO2,lithium nitrite
Na2TeO3,sodium tellurite
C4H6O2,gamma-butyrolactone
CdZrO3,cadmium metazirconate
Ba(BrO4)2,barium perbromate
F6Fe2,diiron hexafluoride
Bi2O3,bismuth(iii) oxide
KNO3,potassium nitrate
WI4,tungsten(iv) iodide
Zn3N2,zinc nitride
CH3CCH,propyne
Cd(C2H3O2)2,cadmium acetate
MgWO4,magnesium tungstate
CeF4,cerium(iv) fluoride
CeI3,cerium(iii) iodide
CaCl2,calcium chloride
Yb2S3,ytterbium(iii) sulfide
UO2Cl2,uranyl chloride
C14H10,anthracene
C7H8N4O2,theobromine
C12H11N7,triamterene
C7H8N4O2,theophylline
C6H7NaO6,sodium ascorbate
F3Pr,praseodymium trifluoride
H2TiO3,titanic acid
CdCrO4,cadmium chromate
Ca(VO3)2,calcium metavanadate
C7H7N3,benomyl metabolite
CdWO4,cadmium tungstate
AlTe2,monoaluminium ditelluride
FNO3,fluorine nitrate
ZnTe,zinc telluride
C12H11N5,6-benzylaminopurine
C15H12N2O,carbamazepine
AgI,silver iodide
C4H6O2,"1,4-dioxene"
CsNO2,caesium nitrite
C131H200N30O43S2,amidorphin
Na3AlF6,cryolite
SbCl5,antimony(v) chloride
C18H38,octadecane
WBr5,tungsten(v) bromide
AuBO,gold monoboride monoxide
UN,uranium nitride
Na2HAsO4,disodium hydrogen arsenate
C6H7LiO6,lithium ascorbate
NbCl3,niobium(iii) chloride
C4H7NO3,aceturic acid
ZnZrO3,zinc metazirconate
TaBr5,tantalum(v) bromide
RbNO2,rubidium nitrite
CaTiO3,calcium titanate
Cd3As2,cadmium arsenide
ZrCl4,zirconium tetrachloride
C13H10O,benzophenone
TeBr2,tellurium(ii) bromide
AlF4K,potassium tetrafluoroaluminate
Cl2O6,chlorine hexoxide
FI2,monofluorodiiodine
Na2HPO3,disodium phosphite
C63H88CoN14O14P,vitamin b12
F4Se,selenium tetrafluoride
DyCl2,dysprosium(ii) chloride
CuSe,copper(ii) selenide
HDO,semiheavy water
As2P2,arsenic diphosphide
HOCl,hypochlorous acid
Zn(C8H15O2)2,zinc caprylate
C3H6O2S,3-mercaptopropionic acid
Mn(OH)2,manganese hydroxide
FGe,germanium monofluoride
F2Mg,magnesium fluoride
Co2SiO4,cobalt(ii) orthosilicate
LiHSO3,lithium bisulfite
Cu2Se,copper(i) selenide
SnSe,tin(ii) selenide
CH3CN,acetonitrile
CH3CONH2,acetamide
CoCrO4,cobalt(ii) chromate
KAsO2,potassium arsenite
MgNaAl5(Si4O10)3(OH)6,montmorillonite
FPb,lead monofluoride
B2Se3,boron selenide
FTh,thorium monofluoride
CuBr2,copper(ii) bromide
CH2ClF,chlorofluoromethane
WF5,tungsten(v) fluoride
CrSe,chromium(ii) selenide
F2S,sulfur difluoride
C2H7NO3S,taurine
CuIO3,copper(i) iodate
Li2O2,lithium peroxide
Zn(AlO2)2,zinc aluminate
SrI2,strontium iodide
Na2TiO3,sodium metatitanate
CsIO3,caesium iodate
C4H6N4O,"2,4-diamino-6-hydroxypyrimidine"
NaBrO2,sodium bromite
As2Se5,arsenic pentaselenide
CH3COOCs,caesium acetate
C3H3N,azete
C6H6O,phenol
F4ORe,rhenium tetrafluoride oxide
Cu(NO3)2,copper(ii) nitrate
MnO,manganese(ii) oxide
CH3CH2OH,ethanol
C30H19NO9,dynemicin a
AgSNC,silver thiocyanate
F2Nd,neodymium difluoride
Cd(CN)2,cadmium cyanide
Ca(IO)2,calcium hypoiodite
CHClF2,chlorodifluoromethane
F4P2,diphosphorus tetrafluoride
Cs2S,caesium sulfide
CsF,caesium fluoride
AsBr3,arsenic tribromide
C4H6O4,succinic acid
F2O2S,sulfuryl fluoride
AgBrO4,silver perbromate
CrCl3,chromium(iii) chloride
(BiO)2CO3,bismuth oxycarbonate
H2S,hydrogen sulfide
CaP,calcium monophosphide
Cs2Cr2O7,caesium dichromate
Ce(SO4)2,cerium(iv) sulfate
SnS,tin(ii) sulfide
FeO4Se,iron(ii) selenate
C14H10O14,benzoyl peroxide
Fe2O12W3,iron(iii) orthotungstate
C5H3Br2N,"3,5-dibromopyridine"
F4U,uranium tetrafluoride
HfF4,hafnium(iv) fluoride
NaCN,sodium cyanide
NaNO3,sodium nitrate
AlFO,aluminium monofluoride monoxide
SrMoO4,strontium orthomolybdate
C23H19ClF3NO3,cyhalothrin
AlF2O,aluminium difluoride oxide
Li2CrO4·2H2O,lithium chromate dihydrate
F4SW,tungsten tetrafluoride monosulfide
BF3,boron trifluoride
HAt,hydrogen astatide
BiCl3,bismuth(iii) chloride
Cs2TiO3,caesium titanate
Sr(HS)2,strontium hydrosulfide
Cl2O7,chlorine heptoxide
HBrO,hypobromous acid
SrCl2,strontium chloride
Hg2Br2,mercury(i) bromide
C4H4N4,diaminomaleonitrile
F2S2,thiothionyl fluoride
DI,deuterium iodide
Ag3PO4,silver phosphate
C5H9NO2,allylglycine
CH3ORb,rubidium methoxide
F3NS,thiazyl trifluoride
HfBr4,hafnium(iv) bromide
(CH)3COH,t-butyl alcohol
F2O2W,tungsten difluoride dioxide
SeTe,selenium(iv) telluride
F4N2,tetrafluorohydrazine
CsN3,caesium azide
FeSe,iron(ii) selenide
YbBr2,ytterbium(ii) bromide
CoS2,cobalt disulfide
LiAlH4,lithium aluminium hydride
C3H8NO5P,glyphosate
SnS2,tin(iv) sulfide
Li2WO4,lithium orthotungstate
BaWO4,barium tungstate
Sr(NbO3)2,strontium metaniobate
C14H18N4O3,trimethoprim
C10H19NO3,1-boc-4-piperidinol
CuSeO3,copper(ii) selenite dihydrate
NiSe,nickel(ii) selenide
SnBrCl3,tin(iv) bromotrichloride
US2,uranium sulfide
SiO2,silica
C6H6N2O,nicotinamide
C10H10O4,ferulic acid
Mg3(Si4O10)(OH)2,talc
LaCl3,lanthanum(iii) chloride
Ca4(PO4)2O,tetracalcium phosphate
Co(NO3)3,cobalt(iii) nitrate
SnTe4,tin(iv) telluride
PoH2,polonium hydride
KH2PO4,monopotassium phosphate
Be3Al2(SiO3)6,beryl
CsBr3,caesium tribromide
F4Na2Sn,disodium tetrafluorostannate
Rb2SO4,rubidium sulfate
Ca5(PO4)3F,calcium fluorophosphate
F4Mg2,magnesium fluoride
AlI,aluminium monoiodide
CaO2,calcium peroxide
C15H10O7,quercetin
RbNbO3,rubidium niobate
AgPF6,silver hexafluorophosphate
MgO,magnesium oxide
C19H30O2,dihydrotestosterone
C8H8N2OS,2-amino-6-methoxybenzothiazole
Cu3(PO4)2,copper(ii) phosphate
CdMoO4,cadmium molybdate
Fe2SiO4,fayalite
C17H21NO4,cocaine
C4H6O2,diacetyl
CH3OH,methanol
C6H10O4,ethylidene diacetate
F3SW,tungsten trifluoride monosulfide
Hg(NO3)2,mercury(ii) nitrate monohydrate
Ga2Te3,gallium(iii) telluride
Ga(OH)3,gallium(iii) hydroxide
Ca(NbO3)2,calcium metaniobate
CsBrO3,caesium bromate
BaS,barium sulfide
CdSO3,cadmium sulfite
SrTeO3,strontium tellurite
C9H11NO4,l-dopa
CeF3,cerium(iii) fluoride
MnMoO4,manganese(ii) orthomolybdate
Cs2SO3,caesium sulfite
FeI2,iron diiodide (page does not exist)
NaCNO,sodium fulminate
WBr3,tungsten(iii) bromide
LiClO4,lithium perchlorate
Cs2HPO3,dicaesium phosphite
CH3CH2OCH2CH3,diethyl ether
C44H69N15O9S,adrenorphin
VCl3,vanadium(iii) chloride
MgSO3,magnesium sulfite
C4H4O,furan
CsI,caesium iodide
C13H12O,β-ionone
EuO,europium monoxide
F6Mo,molybdenum hexafluoride
Eu2(SO4)3,europium(iii) sulfate
AlCl6Na3,sodium hexachloroaluminate
K2CO3,potassium carbonate
EuF,europium monofluoride
KClO4,potassium perchlorate
LiOH,lithium hydroxide
F4Ge2,digermanium tetrafluoride
CsCl,caesium chloride
S2Br2,sulfur(ii) bromide
C19H26O2,androstenedione
NiMoO4,nickel(ii) orthomolybdate
C17H22O2,oenanthotoxin
Mg(AlO2)2,magnesium aluminate
HClO,hypochlorous acid
PbHAsO4,lead hydrogen arsenate
SeBr4,selenium(iv) bromide
MnO2,manganese dioxide
FeMoO4,iron(ii) orthomolybdate
FeCr2O4,chromite
Mg(BrO2)2,magnesium bromite
I2,iodine
Mn(NO3)2·4H2O,manganese(ii) nitrate tetrahydrate
F2Zr,zirconium fluoride
TlBr3,thallium(iii) bromide
Rb2SO3,rubidium sulfite
Cu(CH3COO)2,copper(ii) acetate
CrPO4,chromium(iii) phosphate
NHCl2,dichloramine
CuF,copper(i) fluoride
Sb2Te3,antimony(iii) telluride
FLi2,dilithium monofluoride
Cu(VO3)2,copper(ii) metavanadate
BiBr3,bismuth(iii) bromide
Nd2O3,neodymium(iii) oxide
Na[B(NO3)4],sodium tetranitratoborate(iii)
HIO,hypoiodous acid
La2O3,lanthanum(iii) oxide
NaH2PO4,monosodium phosphate
Sb2S3,antimony(iii) sulfide
Rb2O2,rubidium peroxide
NH4OH,ammonium hydroxide
Na3PO3,trisodium phosphite
BeBr2,beryllium bromide
As2O3,arsenic trioxide
Li2CO3,lithium carbonate
K2HAsO4,dipotassium hydrogen arsenate
F5P,phosphorus pentafluoride
K2HPO3,dipotassium phosphite
Co3(AsO4)2,cobalt arsenate
F2Ni,nickel difluoride
CeSi2,cerium silicide
AuCN,gold cyanide
Cs3PO3,tricaesium phosphite
F4Mo,molybdenum tetrafluoride
SO2,sulfur dioxide
NaIO3,sodium iodate
Li2Cr2O7,lithium dichromate
YCl3,yttrium chloride
C2H5NO2,glycine
Rb2HPO3,dirubidium phosphite
C10H7N3S,tiabendazole
Hg2I2,mercury(i) iodide
H2S2O4,dithionous acid
LiBr·2H2O,lithium bromide dihydrate
NH4NO3,ammonium nitrate
SeOF2,selenyl difluoride
K2S2O8,potassium persulfate
AsCl3,arsenic trichloride
BeS,beryllium sulfide
C21H30O2,tetrahydrocannabinol
Ba2Na(NbO3)5,barium sodium niobate
F4Ge,germanium tetrafluoride
Tl2MoO4,thallium(i) orthomolybdate
POCl3,phosphoryl chloride
CsBrO2,caesium bromite
Mg(BrO)2,magnesium hypobromite
AgIO2,silver iodite
KH2AsO4,potassium dihydrogen arsenate
C5H3ClN4,6-chloropurine
Na2SeO3,sodium selenite
VBr3,vanadium(iii) bromide
BaMnO4,barium manganate
Fe2I2,diiron diiodide
UO2SO4,uranyl sulfate
Na2S4,sodium tetrasulfide
CrO2Cl2,chromium(vi) oxychloride
WS3,tungsten(vi) sulfide
BrCl,bromine chloride
Cd(N3)2,cadmium azide
CsSeO4,caesium selenate
C2F4,tetrafluoroethylene
B2F4,diboron tetrafluoride
N2,nitrogen
FTi,titanium fluoride
LiHSO4,lithium hydrogen sulfate
PbI2,lead(ii) iodide
BiBO3,bismuth(iii) orthoborate
RbNO3,rubidium nitrate
Mg(ClO4)2,magnesium perchlorate
UO2,uranium dioxide
AlCl4Na,sodium tetrachloroaluminate
BrF3,bromine trifluoride
Ba(IO4)2,barium periodate
CsCNO,caesium cyanate
H2NCH2COOH,glycine
C13H28,tridecane
Th(CO3)2,thorium carbonate
AgMnO4,silver permanganate
C7H5F3O,"2,4,6-trifluoroanisole"
HC9H7O4,acetylsalicylic acid
Sr(IO3)2,strontium iodate
Cr2(SO4)3,chromium(iii) sulfate
CeN,cerium nitride
BrF,bromine monofluoride
CH3NH2,methylamine
CuSeO4,copper(ii) selenate pentahydrate
C20H27NO11,amygdalin
Ba(NbO3)2,barium niobate
C3H7NO2S,cysteine
C17H18N2O6,nifedipine
AsBrO,arsenic oxybromide
C6H7KO6,potassium ascorbate
Mg(NO2)2,magnesium nitrite
FO3S,fluorosulfate radical
KHCO3,potassium bicarbonate
NbCl5,niobium(v) chloride
ZnBr2,zinc bromide
C7H5FO2,4-fluorobenzoic acid
AlClF,aluminium chloride fluoride
F2OTi,titanium fluoride oxide
F2Ge,germanium difluoride
Ca3N2,calcium nitride
ArClH,argon chloride hydride
Zn(VO3)2,zinc metavanadate
C20H42,eicosane
InI3,indium(iii) iodide
CrF3,chromium(iii) fluoride
BaSiF6,barium hexafluorosilicate
ZrSiO4,zirconium(iv) silicate
C11H14O2,methyl isoeugenol
YSb,yttrium antimonide
Co(NO3)2,cobalt(ii) nitrate
F3MoS,molybdenum trifluoride sulfide
F3Nd,neodymium trifluoride
C6H10O4,glucal
CdCO3,cadmium carbonate
C2H2,acetylene
BP,boron(iii) phosphide
c(NO2)3,boron nitrite
CCl4,carbon tetrachloride
Be(ClO)2,beryllium hypochlorite
ZnSeO3,zinc selenite
As2Se3,arsenic triselenide
ThO2,thorium(iv) oxide
KMnO4,potassium permanganate
CH3ONa,sodium methoxide
ClO2,chlorine dioxide
C7H5FO2,2-fluorobenzoic acid
C10H22,decane
FeF2,iron fluoride
CH3COO(CH2)2CH(CH3)2,isoamyl acetate
CH3COOCH2C6H5,benzyl acetate
H2O2,hydrogen peroxide
WOCl3,tungsten(v) oxytrichloride
BaB6,barium hexaboride
CrBr3,chromium(iii) bromide
C6H14O4,triethylene glycol
AlCl3,aluminium chloride
O2F2,dioxygen difluoride
Cr(OH)3,chromium(iii) hydroxide
C4HCl2FN2,"2,6-dichloro-5-fluoroacil"
H3AsO4,arsenic acid
C9H10O,cinnamyl alcohol
C2H4O2,acetic acid
NH4HS,ammonium hydrosulfide
Hg3(PO4)2,mercury(ii) phosphate
F3Zr,zirconium trifluoride
NCl3,nitrogen trichloride
C5H5BrN2,2-amino-5-bromopyridine
Cs2O,caesium oxide
FN,fluoroimidogen
Ba(BrO3)2·H2O,barium bromate monohydrate
RbI,rubidium iodide
Co(IO3)2,cobalt(ii) iodate
AsTl,thallium arsenide
CH3COONa,sodium acetate
KCNS,potassium thiocyanate
HCONH2,formamide
KOF,potassium hypofluorite
C12H16O3,elemicin
(NH4)2[PtCl6],ammonium hexachloroplatinate(iv)
FP,phosphorus monofluoride
C12H14O4,apiole
UF4,uranium(iv) fluoride
C10H12O2,isoeugenol
HgS,mercury(ii) sulfide
GaCl3,gallium trichloride
C8H6N2O,4-quinazolinol
MnTe,manganese(ii) telluride
CH3SCH3,dimethyl sulfide
LiF,lithium fluoride
MoO3,molybdenum trioxide
CuCl2,copper(ii) chloride
PbCl2,lead(ii) chloride
F2Ga,gallium difluoride
AlCl2F,aluminium chloride fluoride
CsBr,caesium bromide
C20H34O5,dinoprost
InBr2I,indium(iii) dibromoiodide
Mn3P2,manganese(ii) phosphide
AsClO,arsenic monoxide monochloride
F6W,tungsten hexafluoride
BaS2O3,barium thiosulfate
C5H5N5,adenine
DySi2,dysprosium(ii) silicide
EuO3Ti,europium titanium trioxide
LiH2PO3,monolithium phosphite
CHCl3,chloroform
Li2SO3,lithium sulfite
CH3CHCHCH3,2-butene
Tl3As,thallium(i) arsenide
C6H12,cyclohexane
CsI3,caesium triiodide
MgTiO3,magnesium metatitanate
BaSi2,barium silicide
Rb2S,rubidium sulfide
TlOH,thallium(i) hydroxide
CdSe,cadmium selenide
NiSO4,nickel sulfate
LiCNO,lithium cyanate
(CH3)3CCl,t-butyl chloride
NiBr2,nickel(ii) bromide
H2CrO4,chromic acid
FeO,iron monoxide
Mn2O3,manganese(iii) oxide
NiWO4,nickel(ii) orthotungstate
CFCl2CF2Cl,freon-13
GaI2,gallium(ii) iodide
BaN6,barium azide
CoWO4,cobalt(ii) tungstate
NiS2,nickel sulfide
WO3,tungsten(vi) oxide
FeC10H10,ferrocene
C4H4N4,3-aminopyrazole-4-carbonitrile
C10H12O2,pseudoisoeugenol
Cs2HPO4,caesium hydrogen orthophosphate
PbS,lead(ii) sulfide
C13H18O2,ibuprofen
Fe2O12S3,ferric sulfate
VI3,vanadium(iii) iodide
POCl3,phosphoryl chloride
YbF3,ytterbium(iii) fluoride
In(IO3)3,indium(iii) iodate
C17H24O9,eleutheroside b
Cs2CrO4,caesium chromate
AlF3,aluminium trifluoride
YbI2,ytterbium(ii) iodide
BiOI,bismuth(iii) oxyiodide
SrS,strontium sulfide
Li2TiO3,lithium metatitanate
NH4Br,ammonium bromide
Mg(IO2)2,magnesium iodite
C20H24O2N2,quinine
C6H5Cl,chlorobenzene
Tm2(SO4)3,thullium(iii) sulfate
NaBrO,sodium hypobromite
CH3OCs,caesium methoxide
As2Mg3,magnesium arsenide
C9H6OS,thiochromone
PoCl4,polonium tetrachloride
Ba(SCN)2,barium thiocyanate
AgCN,silver cyanide
HBrO3,bromic acid
KIO4,potassium periodate
BaHfO3,barium hafnate
C2H6OS,dimethyl sulfoxide
C19H28O2,dehydroepiandrosterone
SiCl4,silicon(iv) chloride
H2CO3,carbonic acid
BaTeO4·3H2O,barium tellurate trihydrate
Ba(NO3)2,barium nitrate
TlC2H3O2,thallium(i) acetate
BrCl5,bromine pentachloride
LiTaO3,lithium tantalate
C164H256Na2O68S2,maitotoxin
Be(C2H3O2)2,beryllium acetate
Mg(NO3)2,magnesium nitrate
C5H11NO2S,methionine
EuS2,europium disulfide
Mg2Al(AlSiO5)(OH)4,amesite
Sb2Se3,antimony(iii) selenide
C4H6O2,succinaldehyde
F2O5S3,peroxydisulfuryl difluoride
NaO2As(CH3)2,sodium salt of cacodylic acid
Ba(BrO3)2·2H2O,barium bromate dihydrate
MgHPO4,dimagnesium phosphate
NaC6F5COO,pentafluorobenzoate
FNa,sodium fluoride
BaSO4,barium sulfate
Ca(ClO3)2,calcium chlorate
CH2Cl2,dichloromethane
F6Si2,hexafluorodisilane
C7H7NO3,mesalazine
CuFe2S3,copper iron sulfide (page does not exist)
H2C4H4O6,tartaric acid
FMo,molybdenum monofluoride
Cd(OH)2,cadmium hydroxide
MgCl2,magnesium chloride
C10H10O2,safrole
HCl,hydrochloric acid
PH3,phosphine
F3Li3,trilithium trifluoride
C11H12N2O2,tryptophan
SnBr4,tin(iv) bromide
BeI2,beryllium iodide
SnBr2Cl2,tin(iv) dibromodichloride
FeI,iron monoiodide
F3Mo,molybdenum trifluoride
Ag3I3,silver(iii) triiodide
LiCN,lithium cyanide
CoF2,cobalt(ii) fluoride
Co3(Fe(CN)6)2,cobalt(ii) ferricyanide
KClO2,potassium chlorite
Na2ZnO2,sodium zincate
WCl4,tungsten(iv) chloride
C4I2,diiodobutadiyne
Ag2Te,silver(i) telluride
Hg(OH)2,mercury(ii) hydroxide
Ac2O3,actinium(iii) oxide
C7H8,toluene
AuTe,gold telluride
Au2S3,gold trisulfide
Fe4(P2O7)3,iron(iii) pyrophosphate
Mn3As2,manganese(ii) arsenide
Ba(BrO3)2,barium bromate
AlBO,aluminium boron oxide
NH2Cl,monochloramine
AgClO3,silver chlorate
Cr2O3,chromium(iii) oxide
CH3COOCH3,methyl acetate
AlCl6K3,potassium hexachloroaluminate
C13H12O2,monobenzone
CH3Cl,chloromethane
F3MoO,molybdenum trifluoride oxide
KOH,potassium hydroxide/custic potash
RbIO4,rubidium periodate
Ca(CN)2,calcium cyanide
Bi2Se3,bismuth(iii) selenide
Al(NO2)3,aluminium nitrite
LiH,lithium hydride
Li2SeO4,lithium selenate
BeO,beryllium oxide
CoSe,cobalt(ii) selenide
CH2OHCH2OH,ethylene glycol
Cu3Sb,copper(iii) antimonide
Be(NO2)2,beryllium nitrite
(NH4)2CrO4,ammonium chromate
SeOCl2,selenium(iv) oxychloride
YAs,yttrium arsenide
LiBrO3,lithium bromate
Ba(AsO4)2,barium arsenate
CeB6,cerium boride
UBr5,uranium pentabromide
WBr2,tungsten(ii) bromide
PoCl2,polonium dichloride
C6H10O4,aceburic acid
NaBr,sodium bromide
Co2S3,cobalt(iii) sulfide
Sr(IO4)2,strontium periodate
Fe2I4,diiron tetraiodide
AlN,aluminium nitride
C20H28O2,tretinoin
CaSiO3,wollastonite
C11H11NO2,3-indolepropionic acid
C4H11NO2,diethanolamine
F3Y,yttrium trifluoride
ErF,erbium monofluoride
Ag2Cl2,silver(ii) dichloride
BBr3,boron tribromide
Ba(HS)2,barium hydrosulfide
(NH4)2[Pt(SCN)6],ammonium hexathiocyanoplatinate(iv)
HOF,hypofluorous acid
F3Fe,iron trifluoride
C5H6BNO2,3-pyridinylboronic acid
C10H8,naphthalene
GeI2,germanium(ii) iodide
Zn3(PO4)2,zinc phosphate
In2(SO4)3·H2O,indium(iii) sulfate monohydrate
TlPF6,thallium(i) hexafluorophosphate
ZrS2,zirconium sulfide
(CN)2,cyanogen
CsIO4,caesium periodate
C6H3Cl3O,"2,4,6-trichlorophenol"
F2Tl2,dithallium difluoride
Ca(BrO3)2,calcium bromate
CaC2,calcium carbide
F2GeO,difluorogermanone
FeAsS,iron arsenic sulfide (page does not exist)
Bi(NO3)3·5H2O,bismuth(iii) nitrate pentahydrate
Be(ClO3)2,beryllium chlorate
Hg(ClO4)2,mercury(ii) perchlorate trihydrate
FeCl3,iron(iii) chloride
C3N3(OH)3,cyanuric acid
C4H10O2,"2,3-butanediol"
C4H6O2,vinyl acetate
Cd3P2,cadmium phosphide
N4H4,trans-tetrazene (page does not exist)
YP,yttrium phosphide
C5H3ClN2O2,2-chloro-5-nitropyridine
Fe3O4,"iron(ii,iii) oxide"
CaH2,calcium hydride
CrF5,chromium(v) fluoride
F3OP,phosphoryl fluoride
Sb2O3,antimony(iii) oxide
I2O5,iodine pentoxide
Eu2O2,dieuropium dioxide
LiBrO,lithium hypobromite
Ni(VO3)2,nickel(ii) metavanadate
Ca3P2,calcium phosphide
IrBr3,iridium(iii) bromide
EuO3V,europium metavanadate
K2O2,potassium peroxide
Pb(IO3)2,lead(ii) iodate
ZnTeO4,zinc tellurate
NaHCOO,sodium formate
B4C,boron carbide
C9H6N2,5-cyanoindole
C6H6BClO2,4-chlorophenylboronic acid
ZnSO4,zinc sulfate
BPO4,boron(iii) orthophosphate
KH,potassium hydride
Co(ClO4)2,cobalt(ii) perchlorate
C4H6O2,isocrotonic acid
Mg(VO3)2,magnesium metavanadate
Ca(IO2)2,calcium iodite
K2HPO4,dipotassium phosphate
C9H18N2O2,1-boc-piperazine
CoTiO3,cobalt(ii) titanate
H2S2O3,thiosulfuric acid
ZrBr4,zirconium bromide
CsH2PO4,monocaesium phosphate
ClOClO3,chlorine perchlorate
LiBrO4,lithium perbromate
Na2Zn(OH)4,sodium zincate
BiI3,bismuth(iii) iodide
CoAs2,cobalt(ii) arsenide
N2H2,diazene
AlClO,aluminium chloride oxide
IBr,iodine(i) bromide
C10H9NO2,indole-3-acetic acid
BCl3,boron trichloride
MoO2,molybdenum(iv) oxide
C17H14F3N3O2S,celecoxib
Co2TiO4,cobalt(ii) titanite
CsNH2,caesium amide
F2Ti,titanium difluoride
CsClO2,caesium chlorite
AlO,aluminium monoxide
Sb2Se5,antimony(v) selenide
Fe7Si8O24H2,amosite
WOCl4,tungsten(vi) oxytetrachloride
C6H5COCl,benzoyl chloride
FeWO4,iron(ii) orthotungstate
Ga2(SO4)3·18H2O,gallium(iii) sulfate octadecahydrate
Br2,bromine
TiH2,titanium hydride
Cr3Sb2,chromium(ii) antimonide
NaH2AsO4,sodium dihydrogen arsenate
Cs3VO4,caesium orthovanadate
C5H4O2S,b-thiophenic acid
HgSe,mercury(ii) selenide
C4H9OH,butyl alcohol
MgI2,magnesium iodide
C4H10O2,tert-butyl hydroperoxide
LaBr3,lanthanum(iii) bromide
Na3PO4,trisodium phosphate
F6La2,lanthanum trifluoride dimer
C6N4,tetracyanoethylene
CO2,carbon dioxide
CsBrO4,caesium perbromate
Mg2SiO4,forsterite
C2H5ORb,rubidium ethoxide
CsBrO,caesium hypobromite
LiC2H5O,lithium ethoxide
KHSO3,potassium bisulfite
AlCl2H,dichloroalumane
KIO3,potassium iodate
F5ORe,rhenium monoxide pentafluoride
HNCO,isocyanic acid
ZrF4,zirconium fluoride
BrF5,bromine pentafluoride
MgSO4,magnesium sulfate
Ca(IO3)2,calcium iodate
NOBr,nitrosyl bromide
MnS,manganese sulfide
YbPO4,ytterbium(iii) phosphate
AlGaInP,aluminium-gallium-indium phosphide
AlNaO2,sodium aluminate
C7H12N2O4,aceglutamide
F6Pu,plutonium hexafluoride
CaWO4,calcium tungstate
CO3,carbon trioxide
Li2TeO3,lithium tellurite
(NH2)2CO,urea
Co(C2H3O2)3,cobalt(iii) acetate
CaSeO3,calcium selenite
F2Na2,disodium difluoride
CoC2O4,cobalt(ii) oxalate
UF6,uranium(vi) fluoride
Cr3As2,chromium(ii) arsenide
TlNO3,thallium(i) nitrate
Bi(C2H3O2)3,bismuth(iii) acetate
CoCl2,cobalt(ii) chloride
F2Li2,lithium fluoride
Al2Cl9K3,potassium aluminium chloride
C6H7N3O,isoniazid
C4H6O2,crotonic acid
B2O3,boron(iii) oxide
In2S3,indium(iii) sulfide
C5H4NCOOH,niacin
CH2CO,ketene
K2Cr2O7,potassium dichromate
FeO2H,limonite
Eu2S,dieuropium monosulfide
F7NS,pentafluorosulfanyldifluoroamine
BiC6H5O7,bismuth(iii) citrate
Na2C6H6O7,disodium citrate
CaS,calcium sulfide
CH3COORb,rubidium acetate
AsI3,arsenic triiodide
ClO3F,chlorine trioxide fluoride
BaMoO4,barium molybdate
CrI2,chromium(ii) iodide
CF4,tetrafluoromethane
Fe2O3,venetian red
ErCl3,erbium(iii) chloride
Y2O3,yttria
MgF2,magnesium fluoride
H2S2O5,disulfurous acid
C40H56,lycopene
Mn3O4,"manganese(ii,iii) oxide"
FeO2H,goethite
H2S2O6,dithionic acid
C11H19NO4,boc-isonipecotic acid
CH3COOH,acetic acid
Al2O3,aluminium oxide
FPS2,phosphenodithioic fluoride
NaOF,sodium hypofluorite
GeH3COOH,2-germaacetic acid
CuTiO3,copper(ii) metatitanate
FeVO4,iron(iii) orthovanadate
Al(NO3)3,aluminium nitrate
LiNO3·H2O,lithium nitrate monohydrate
(NH4)2CO3,ammonium carbonate
F2Hg,mercury fluoride
C12H16O4,"2,4,5-trimethoxypropiophenone"
C10H12O3,coniferyl alcohol
Eu2O,dieuropium monoxide
ArClF,argon chloride fluoride
H2N2O2,hyponitrous acid
PbCl4,lead(iv) chloride
C9H11NO3,tyrosine
C6H5CHO,benzaldehyde
CsClO3,caesium chlorate
F2MoO2,molybdenum difluoride dioxide
C2H7NO,ethanolamine
CdBr2,cadmium bromide
CsTaO3,caesium metatantalate
CdC2O4,cadmium oxalate
NH4Cl,ammonium chloride
F6Xe,xenon hexafluoride
CdO,cadmium oxide
F6S,sulfur hexafluoride
BeCl2,beryllium chloride
Sn(CH3COO)2,tin(ii) acetate
Li2ZrO3,lithium metazirconate
Li2S,lithium sulfide
CH3OK,potassium methoxide
MoCl2,molybdenum(ii) chloride
NaH,sodium hydride
WSe2,tungsten(iv) selenide
CuWO4,copper(ii) orthotungstate
C4H10O2,"1,3-butanediol"
B3N3H6,borazine
BaSi2O5,barium disilicate
Ca(ClO2)2,calcium chlorite
Li2NbO3,lithium metaniobate
TmCl3,thulium(iii) chloride
RbH,rubidium hydride
MnBr2·4H2O,manganese(ii) bromide tetrahydrate
TlBr,thallium(i) bromide
CoCr2O4,cobalt(ii) chromite
RbBrO,rubidium hypobromite
KNbO3,potassium niobate
HfOH(C2H3O2)3,"hafnium(iv) acetate, basic"
C3H4N2S,aminothiazole
C4H10O2,dimethoxyethane
CsO2,caesium superoxide
WO2,tungsten(iv) oxide
C11H8O2,menadione
C9H20,nonane
C6H5NO2,picolinic acid
AuI,gold iodide
HBrO2,bromous acid
Mg3Bi2,magnesium bismuthide
BaHgI4,barium tetraiodomercurate(ii)
InCl,indium(i) chloride
NO2,nitrogen dioxide
AgBr,silver bromide
Li3PO3,trilithium phosphite
Zr3(PO4)4,zirconium phosphate
Ni2SiO4,nickel(ii) orthosilicate
F4MoS,molybdenum tetrafluoride monosulfide
Co(OH)3,cobalt(iii) hydroxide
KBrO,potassium hypobromite
CH3COOCHCH2,vinyl acetate
AlP,aluminium monophosphide
C8H16O6,eleutheroside c (page does not exist)
C83H131N19O27S,gamma-endorphin
C10H14O,mentha spicata herb oil
YF3,yttrium fluoride
O3,ozone
C8H8,cubane
C5H5N3O2,2-amino-nitropyridine
(CH3)3N,trimethylamine
ZnCl2,zinc chloride
F5Pu,plutonium pentafluoride
MgSiO3,enstatite
Be(C5H7O2)2,beryllium acetylacetonate
C6H8O7,citric acid
C2H5Br,bromoethane
C4H10O2,2-ethoxyethanol
Zn(NO2)2,zinc nitrite
ZnO2,zinc peroxide
C10H17NO3,boc-4-piperidone
TeCl2,tellurium(ii) chloride
SOF2,thionyl difluoride
CrCl4,chromium(iv) chloride
MnCO3,manganese(ii) carbonate
AgBrO2,silver bromite
SiC,silicon carbide
C6H14O3,dipropylene glycol
F4W,tungsten tetrafluoride
C12H16O3,oudenone
InS,indium(ii) sulfide
MnBr2,manganese(ii) bromide
C4H9NO3,threonine
AgIO3,silver iodate
F3Ho,holmium trifluoride
FGd,gadolinium monofluoride
EuS,europium monosulfide
CH3I,iodomethane
C8H16O6,viscumitol
NdCl2,neodymium(ii) chloride (page does not exist)
Si3N4,silicon nitride
CH3CHO,acetaldehyde
Cr2(TeO4)3,chromium(iii) tellurate
C4H8,cyclobutane
CsNbO3,caesium niobate
B2H6,boron hydride
SrF2,strontium fluoride
NaHS,sodium hydrosulfide
Mn(CHO2)2·2H2O,manganese(ii) formate dihydrate
NaI,sodium iodide
Tl(C3H3O4),thalliium(i) malonate
CaHPO4,dicalcium phosphate
Hg(SCN)2,mercury(ii) thiocyanate
C5H10O2,valeric acid
FLa,lanthanum monofluoride
RbClO,rubidium hypochlorite
F4Pt,platinum tetrafluoride
F2Gd,gadolinium difluoride
FeBr3,iron(iii) bromide
C8H9NO2,hydroxydanaidal
BeB2,beryllium boride
C4H5N3O,cytosine
FeP,iron(iii) phosphide
C5H12O5,xylitol
AgBrO,silver hypobromite
CH(CN)3,cyanoform
SeCl,selenium(i) chloride
FeC5O5,iron pentacarbonyl
PbCrO4,lead chromate
Na2C2O4,sodium oxalate
C7H5Cl3O,"2,4,6-trichloroanisole"
MgSeO3,magnesium selenite
CoI2,cobalt(ii) iodide
La(OH)3,lanthanum hydroxide
B(OH)3,boric acid
MnZrO3,manganese(ii) metazirconate
C5H11NO2,valine
K3AsO4,potassium arsenate
KHSO4,potassium bisulfate
MoBr3,molybdenum(iii) bromide
C12H10,biphenyl
TeBr4,tellurium(iv) bromide
C2H3NO,glycolonitrile
C3H8O3,glycerol
Tl(CHO2),thallium(i) formate
CH2(OH)2,methanediol
AgCl3Cu2,dicopper silver trichloride
SnSe2,tin(iv) selenide
(CH3)2CO,acetone
MnPb8(Si2O7)3,barysilate
SiI4,silicon(iv) iodide
InI2,indium(ii) iodide
Eu2O3,europium(iii) oxide
CaC2O4,calcium oxalate
P2S3,diphosphorus trisulfide
CrF4,chromium(iv) fluoride
WCl5,tungsten(v) chloride
UCl4,uranium tetrachloride
C2H4,ethylene
CrF6,chromium(vi) fluoride
C6H10O4,dianhydrohexitol
NiO,nickel(ii) oxide
C6H6N2O2,6-aminonicotinic acid
Ca(NO2)2,calcium nitrite
F8Si3,octafluorotrisilane
FMn,monomanganese monofluoride
C5H4O,cyclopentadienone
Hg3(AsO4)2,mercury(ii) orthoarsenate
Ba(BrO2)2,barium bromite
AlO2,aluminium(iv) oxide
UBr2,uranium dibromide
ErI4Na,erbium sodium tetraiodide
C3N12,cyanuric triazide
(C6H5)4Ge,tetraphenylgermane
HCCH,acetylene
CoAl2O4,cobalt(ii) aluminate
F4OW,tungsten tetrafluoride oxide
(CH3)2NH,dimethylamine
AgIO,silver hypoiodite
WF4,tungsten(iv) fluoride
C4H8O2,ethyl acetate
EuCl2,europium(ii) chloride
CH2CHCHCH2,"1,3-butadiene"
AuBr3,gold tribromide
Zn3P2,zinc phosphide
SrO,strontium oxide
H2SiO3,silicic acid
ZnTeO3,zinc tellurite
Li2HPO4,dilithium phosphate
Sn(SO4)2·2H2O,tin(iv) sulfate dihydrate
C3H5NO,acrylamide
BeF2,beryllium fluoride
C4H6N2,1-methylimidazole
Mn(NO3)2,manganese(ii) nitrate
SF6,sulfur hexafluoride
C6H6IN,4-iodoaniline
F2Mn,manganese difluoride
C5H10O4,deoxyribose
NiTiO3,nickel(ii) metatitanate
CrO3,chromium(vi) oxide
ZnWO4,zinc orthotungstate
C4H3Cl2N3,"2-amino-4,6-dichloropyrimidine"
C12H4N4,tetracyanoquinodimethane
NiBr2,nickel(ii) bromide hexahydrate
H2C8H4O4,phthalic acid
CrSb,chromium antimonide
F2OS,thionyl fluoride
C4H7KO3,potassium oxybate
(C2H5)2NH,diethylamine
CsHCO3,caesium bicarbonate
CsHSO4,caesium hydrogen sulfate
C12H15NO,1-benzyl-4-piperidone
CaI2,calcium iodide
TaI5,tantalum(v) iodide
Zn(ClO3)2,zinc chlorate
F4Pu,plutonium tetrafluoride
AlF6Li3,lithium hexafluoroaluminate
F4MoO,molybdenum tetrafluoride oxide
Yb2O3,ytterbium(iii) oxide
C4H6N2,4-methylimidazole
CaTeO4,calcium tellurate
D2O,heavy water
AgF2,silver(ii) fluoride
AsF5,arsenic pentafluoride
CrO2,chromium(iv) oxide
AsF3,arsenic trifluoride
C6H7CsO6,caesium ascorbate
F3PS,thiophosphoryl fluoride
NdI2,neodymium(iii) iodide (page does not exist)
C59H80N4O22S4,esperamicin
C17H22O2,cicutoxin
TeI2,tellurium(ii) iodide
CH3SH,methanethiol
Cu3As,copper(i) arsenide
C7H14O6,bornesitol
CsBO2,caesium borate
InBr3,indium(iii) bromide
C4H10O,diethyl ether
TlIO3,thallium(i) iodate
Na2MoS4,sodium thiomolybdate
C(NH2)3NO3,guanidine nitrate
YbTe,ytterbium(ii) telluride
HC12H17ON4SCl2,thiamine hydrochloride
C9H10O3,paeonol
AsCl3O,arsenic oxychloride
FeCl2,iron(ii) chloride
Au2Se3,gold triselenide
HOBr,hypobromous acid
Na2SO3,sodium sulfite
WF6,tungsten(vi) fluoride
CuC2O4,copper oxalate
C19H30O2,androstenediol
O,oxygen
C14H12O3,resveratrol
TiCl4,titanium tetrachloride
FO,oxygen monofluoride
Ca(NO3)2,calcium nitrate tetrahydrate
CuSiO3,copper(ii) metasilicate
(C6H5)3N,triphenylamine
RuO4,ruthenium tetroxide
Eu2S2,dieuropium disulfide
H2S2O7,disulfuric acid
NaC6H7O7,monosodium citrate
H3CCH2CH3,propane
Th(NO3)4,thorium nitrate
Na2HPO4,disodium phosphate
In2Se3,indium(iii) selenide
C3H9N3,"1,3,5-triazinane "
C4H10O2,"1,4-butanediol"
HCOONH4,ammonium formate
CsHS,caesium hydrosulfide
Li2SO4,lithium sulfate
Sr2RuO4,strontium ruthenate
C12H8O4,methoxsalen
Ni(CO)3,nickel(ii) carbonate
C5H5N3O,pyrazinamide
C7H16,heptane
F2S2,difluorodisulfane
C6H10O4,conduritol
C6H15NO3,triethanolamine
H2SO4,sulfuric acid
AsP3,arsenic triphosphide
C6H13NO,n-ethylmorpholine (page does not exist)
Na3[Co(CO3)3],sodium tricarbonatocobaltate(iii)
C15H32,pentadecane
UO3,uranium trioxide
GaI3,gallium(iii) iodide
RbCNO,rubidium fulminate
Al2Si2O5(OH)4,kaolin
SrCO3,strontium carbonate
LaI3,lanthanum(iii) iodide
RbClO3,rubidium chlorate
C14H30,tetradecane
LiHCO3,lithium bicarbonate
Cs2C2O4,caesium oxalate
GeO,germanium(ii) oxide
As3O4,arsenic tetraoxide
F7Re,rhenium heptafluoride
NOI,nitrosyl iodide
CaO,quicklime
HClO4,perchloric acid
SnTe,tin(ii) telluride
GeBr4,germanium(iv) bromide
Ag2MoO4,silver molybdate
Al2O7Si2,aluminium silicate
T2O,tritium oxide
Ca3(AsO4)2,calcium arsenate
F4Pb,lead tetrafluoride
RbHSO4,rubidium bisulfate
H6TeO6,telluric acid
Ba(BrO)2,barium hypobromite
C5H5N5O,guanine
BaU2O7,barium uranium oxide
C5H10N2O3,glutamine
C13H12F2N6O,fluconazole
C7H7BO4,4-carboxyphenylboronic acid
AsCl4F,arsenic tetrachloride fluoride
FTl,thallium monofluoride
Tl2TeO3,thallium(i) tellurite
F2Fe,ferrous fluoride
(NH4)2Ce(NO3)6,ammonium cerium(iv) nitrate
DNa,sodium deuteride
F3NO3S,difluoraminooxysulfonyl fluoride
F2K2,dipotassium difluoride
CuSCN,copper(i) thiocyanate
C7H7NO2,4-aminobenzoic acid
ZnTiO3,zinc metatitanate
RbBrO2,rubidium bromite
Ni3(PO4)2,nickel(ii) orthophosphate
Mg(NO3)2·6H2O,magnesium nitrate hexahydrate
CH3(CH2)16COOH,stearic acid
C2H5NH2,ethylamine
SnCl2I2,tin(iv) dichlorodiiodide
SnI4,tin(iv) iodide
Mn3Sb2,manganese(ii) antimonide
ZrC,zirconium carbide
KIO2,potassium iodite
GaCl2,gallium(ii) chloride
NO,nitric oxide
C17H19N3O3S,omeprazole
GaPO4,gallium(iii) orthophosphate
B2Cl4,boron chloride
CaF2,calcium fluoride
AlCl2,aluminium chloride fluoride
F2Pb,lead difluoride
C5H6N2OS,methylthiouracil
Na2Cr2O7,sodium dichromate dihydrate
TlI,thallium(i) iodide
HBr,hydrobromic acid
Cs2NbO3,caesium metaniobate
KIO,potassium hypoiodite
Ni(NO3)2,nickel(ii) nitrate hexahydrate
C6H7BO2,phenylboronic acid
COCl2,phosgene
Cs2CO3,caesium carbonate
H2CSO,sulfine
Br2O5,dibromine pentoxide
ICl,iodine monochloride
Hg(BrO3)2,mercury(ii) bromate dihydrate
Ba(MnO4)2,barium permanganate
SrSeO3,strontium selenite
FSc,scandium monofluoride
Zn3Sb2,zinc antimonide
C5H4O2,furfural
LaPO4,lanthanum(iii) phosphate
Li2B4O7·5H2O,lithium tetraborate pentahydrate
C63H91CoN13O14P,methylcobalamin
Cu2(OH)2CO3,basic copper carbonate
PCl3,phosphorus trichloride
C7H12O4,diethyl malonate
